Filename,Score_kNN,Score_HSV,Valid
000020.jpg,0.564,26.2902295089,0
000009.jpg,0.274,14.7590868534,1
000079.jpg,0.344,7.38713190268,0
000061.jpg,0.714,45.8535480024,0
000076.jpg,0.818,70.2980974083,0
000059.jpg,0.598,68.5765750965,0
000051.jpg,0.32,8.51495101693,0
000095.jpg,0.802,52.3911646562,0
000074.jpg,0.626,45.2388618303,1
000008.jpg,0.214,17.9431808754,0
000096.jpg,0.514,13.6541309013,0
000018.jpg,0.488,25.6097668858,0
000062.jpg,0.694,47.6117701734,0
000030.jpg,0.242,4.18414265085,1
000054.jpg,0.576,44.3264433357,0
000031.jpg,0.4,28.5271117198,0
000017.jpg,0.768,74.4467872936,0
000002.jpg,0.498,39.7058612348,0
000048.jpg,0.728,57.6066169729,0
000005.jpg,0.552,26.6413674925,0
000094.jpg,0.608,40.4942289499,0
000016.jpg,0.642,65.6408581465,0
000012.jpg,0.734,31.9749490952,0
000077.jpg,0.634,39.2478154265,1
000026.jpg,0.472,39.6803381741,0
000042.jpg,0.628,42.9229864785,0
000055.jpg,0.836,52.9303865554,0
000069.jpg,0.488,22.6083943431,0
000072.jpg,0.436,15.3323864283,0
000082.jpg,0.132,12.4602548797,0
000039.jpg,0.562,63.0612554113,0
000023.jpg,0.62,39.1883223284,0
000038.jpg,0.334,8.34931876045,0
000053.jpg,0.774,101.770833333,0
000078.jpg,0.446,10.8547196798,0
000027.jpg,0.642,39.8883495146,0
000011.jpg,0.776,40.3736673631,0
000010.jpg,0.688,27.1272915458,0
000022.jpg,0.766,133.270202447,0
000014.jpg,0.776,48.6546633251,1
000067.jpg,0.0,0.0,0
000040.jpg,0.628,24.1708564495,1
000090.jpg,0.55,16.4608554289,0
000091.jpg,0.502,11.5332400358,1
000056.jpg,0.61,65.0234847689,0
000037.jpg,0.724,31.3690538891,0
000080.jpg,0.568,78.0013238429,0
000063.jpg,0.73,118.485163066,0
000073.jpg,0.322,18.4583794581,0
000070.jpg,0.718,101.328016297,0
000046.jpg,0.534,20.5933831452,0
000081.jpg,0.318,13.059194201,0
000025.jpg,0.568,31.6447808708,0
000004.jpg,0.0,0.0,0
000083.jpg,0.266,7.37415797892,0
000088.jpg,0.586,26.223509413,1
000006.jpg,0.646,67.9088212713,0
000060.jpg,0.748,73.5590378433,0
000089.jpg,0.6,45.005398286,0
000049.jpg,0.678,59.3269166998,0
000034.jpg,0.328,15.7513268082,0
000068.jpg,0.462,26.3892978482,0
000044.jpg,0.866,99.1066831405,0
000024.jpg,0.704,54.3391581346,0
000015.jpg,0.504,7.65000550479,0
000087.jpg,0.536,18.490773331,0
000097.jpg,0.54,33.9612811366,0
000043.jpg,0.36,19.2138519945,0
000066.jpg,0.584,92.7695310606,0
000041.jpg,0.566,50.7365306406,0
000058.jpg,0.512,27.6037303836,0
000052.jpg,0.024,0.0,0
000050.jpg,0.604,73.8031746032,0
000084.jpg,0.348,11.6768051434,0
000065.jpg,0.512,12.5886252436,0
000007.jpg,0.344,12.8873230401,0
000001.jpg,0.73,60.968636623,1
000098.jpg,0.804,101.794664907,0
000021.jpg,0.78,102.103391727,0
000071.jpg,0.672,48.2183958784,0
000003.jpg,0.0,0.0,0
000029.jpg,0.392,15.7275435856,0
000045.jpg,0.544,31.4168758467,0
000036.jpg,0.0,0.0,0
000093.jpg,0.666,74.2884505432,0
000035.jpg,0.308,2.7096163026,0
000075.jpg,0.684,140.243308271,0
000099.jpg,0.606,18.5361075439,0
000092.jpg,0.748,26.2222438144,0
000057.jpg,0.444,23.9735480392,0
000028.jpg,0.574,37.4783061101,0
000032.jpg,0.858,65.8979760844,0
000064.jpg,0.666,37.975495502,0
000085.jpg,0.41,23.079569977,0
000013.jpg,0.734,116.612140025,0
000019.jpg,0.446,12.4054554026,0
000047.jpg,0.612,31.9310742698,0
000086.jpg,0.798,73.8389401571,0
000033.jpg,0.502,14.9998457701,0
